-- phpMyAdmin SQL Dump
-- version 5.2.1
-- https://www.phpmyadmin.net/
--
-- Host: 127.0.0.1
-- Generation Time: Jun 12, 2025 at 02:27 PM
-- Server version: 10.4.32-MariaDB
-- PHP Version: 8.2.12

SET SQL_MODE = "NO_AUTO_VALUE_ON_ZERO";
START TRANSACTION;
SET time_zone = "+00:00";


/*!40101 SET @OLD_CHARACTER_SET_CLIENT=@@CHARACTER_SET_CLIENT */;
/*!40101 SET @OLD_CHARACTER_SET_RESULTS=@@CHARACTER_SET_RESULTS */;
/*!40101 SET @OLD_COLLATION_CONNECTION=@@COLLATION_CONNECTION */;
/*!40101 SET NAMES utf8mb4 */;

--
-- Database: `hotel`
--

-- --------------------------------------------------------

--
-- Table structure for table `admin_cred`
--

CREATE TABLE `admin_cred` (
  `sr_no` int(11) NOT NULL,
  `admin_name` varchar(150) NOT NULL,
  `admin_pass` varchar(150) NOT NULL
) ENGINE=InnoDB DEFAULT CHARSET=utf8mb4 COLLATE=utf8mb4_general_ci;

--
-- Dumping data for table `admin_cred`
--

INSERT INTO `admin_cred` (`sr_no`, `admin_name`, `admin_pass`) VALUES
(4, 'hotel', '1234');

-- --------------------------------------------------------

--
-- Table structure for table `booking_details`
--

CREATE TABLE `booking_details` (
  `sr_no` int(11) NOT NULL,
  `booking_id` int(11) NOT NULL,
  `room_name` varchar(100) NOT NULL,
  `price` int(11) NOT NULL,
  `total_pay` int(11) NOT NULL,
  `room_no` varchar(100) DEFAULT NULL,
  `user_name` varchar(100) NOT NULL,
  `phonenum` varchar(100) NOT NULL,
  `address` varchar(150) NOT NULL
) ENGINE=InnoDB DEFAULT CHARSET=utf8mb4 COLLATE=utf8mb4_general_ci;

--
-- Dumping data for table `booking_details`
--

INSERT INTO `booking_details` (`sr_no`, `booking_id`, `room_name`, `price`, `total_pay`, `room_no`, `user_name`, `phonenum`, `address`) VALUES
(128, 129, 'Phòng Đơn', 500000, 6500000, NULL, 'Nguyen Van A', '0123456789', 'A'),
(129, 130, 'Phòng Vip 3', 1500000, 12000000, NULL, 'Nguyen Van A', '0123456789', 'A'),
(130, 131, 'Phòng Vip 2', 1200000, 24000000, NULL, 'Nguyen Van A', '0123456789', 'A');

-- --------------------------------------------------------

--
-- Table structure for table `booking_order`
--

CREATE TABLE `booking_order` (
  `booking_id` int(11) NOT NULL,
  `user_id` int(11) NOT NULL,
  `room_id` int(11) NOT NULL,
  `check_in` date NOT NULL,
  `check_out` date NOT NULL,
  `arrival` int(11) NOT NULL DEFAULT 0,
  `refund` int(11) DEFAULT NULL,
  `booking_status` varchar(100) NOT NULL DEFAULT 'Đã Đặt',
  `order_id` varchar(150) NOT NULL,
  `trans_id` varchar(200) DEFAULT NULL,
  `trans_amt` int(11) NOT NULL,
  `trans_status` varchar(100) NOT NULL DEFAULT 'Đã Đặt',
  `trans_resp_msg` varchar(200) DEFAULT NULL,
  `rate_review` int(11) DEFAULT NULL,
  `datentime` datetime NOT NULL DEFAULT current_timestamp()
) ENGINE=InnoDB DEFAULT CHARSET=utf8mb4 COLLATE=utf8mb4_general_ci;

--
-- Dumping data for table `booking_order`
--

INSERT INTO `booking_order` (`booking_id`, `user_id`, `room_id`, `check_in`, `check_out`, `arrival`, `refund`, `booking_status`, `order_id`, `trans_id`, `trans_amt`, `trans_status`, `trans_resp_msg`, `rate_review`, `datentime`) VALUES
(129, 9, 8, '2025-06-12', '2025-06-25', 1, NULL, 'Đã Thanh Toán', 'ORD_95096818', NULL, 6500000, 'TXN_SUCCESS', NULL, NULL, '2025-06-12 19:14:38'),
(130, 9, 6, '2025-06-12', '2025-06-20', 0, NULL, 'Đã Đặt', 'ORD_9803411', NULL, 0, 'Đã Đặt', NULL, NULL, '2025-06-12 19:14:47'),
(131, 9, 5, '2025-06-12', '2025-07-02', 0, NULL, 'Đã Xác Nhận Đặt Phòng', 'ORD_96864286', NULL, 0, 'Đã Đặt', NULL, NULL, '2025-06-12 19:15:16');

-- --------------------------------------------------------

--
-- Table structure for table `carousel`
--

CREATE TABLE `carousel` (
  `sr_no` int(11) NOT NULL,
  `image` varchar(150) NOT NULL
) ENGINE=InnoDB DEFAULT CHARSET=utf8mb4 COLLATE=utf8mb4_general_ci;

--
-- Dumping data for table `carousel`
--

INSERT INTO `carousel` (`sr_no`, `image`) VALUES
(15, 'IMG_56299.jpg'),
(16, 'IMG_23569.jpg'),
(17, 'IMG_42242.jpg'),
(19, 'IMG_20158.jpg'),
(20, 'IMG_61665.jpg'),
(21, 'IMG_96173.jpg'),
(22, 'IMG_71669.jpg');

-- --------------------------------------------------------

--
-- Table structure for table `contact_details`
--

CREATE TABLE `contact_details` (
  `sr_no` int(11) NOT NULL,
  `address` varchar(50) NOT NULL,
  `gmap` varchar(100) NOT NULL,
  `pn1` bigint(20) NOT NULL,
  `pn2` bigint(20) NOT NULL,
  `email` varchar(100) NOT NULL,
  `fb` varchar(100) NOT NULL,
  `insta` varchar(100) NOT NULL,
  `tw` varchar(100) NOT NULL,
  `iframe` varchar(300) NOT NULL
) ENGINE=InnoDB DEFAULT CHARSET=utf8mb4 COLLATE=utf8mb4_general_ci;

--
-- Dumping data for table `contact_details`
--

INSERT INTO `contact_details` (`sr_no`, `address`, `gmap`, `pn1`, `pn2`, `email`, `fb`, `insta`, `tw`, `iframe`) VALUES
(1, '18 P. Viên, Đông Ngạc, Bắc Từ Liêm, Hà Nội', 'https://maps.app.goo.gl/rB1UGVpSTg7fjgTA7', 123456789, 123456789, 'hotel@gmail.com', 'https://www.facebook.com/', 'https://www.instagram.com/', 'https://x.com/', 'https://www.google.com/maps/embed?pb=!1m18!1m12!1m3!1d3403.0682343073504!2d105.77135407490404!3d21.072070280588147!2m3!1f0!2f0!3f0!3m2!1i1024!2i768!4f13.1!3m3!1m2!1s0x3134552defbed8e9:0x1584f79c805eb017!2zVHLGsOG7nW5nIMSQ4bqhaSBo4buNYyBN4buPIC0gxJDhu4thIGNo4bqldA!5e1!3m2!1svi!2s!4v174');

-- --------------------------------------------------------

--
-- Table structure for table `facilities`
--

CREATE TABLE `facilities` (
  `id` int(11) NOT NULL,
  `icon` varchar(100) NOT NULL,
  `name` varchar(50) NOT NULL,
  `description` varchar(250) NOT NULL
) ENGINE=InnoDB DEFAULT CHARSET=utf8mb4 COLLATE=utf8mb4_general_ci;

--
-- Dumping data for table `facilities`
--

INSERT INTO `facilities` (`id`, `icon`, `name`, `description`) VALUES
(13, 'IMG_43553.svg', 'Wifi', 'Wifi cho phép khách hàng kết nối internet không dây tốc độ cao, có thể truy cập vào các trang web yêu thích của họ, xem phim, nghe nhạc, tải xuống các tài liệu, và liên lạc với người thân và bạn bè. '),
(14, 'IMG_49949.svg', 'Điều Hoà', 'Khách hàng có thể dễ dàng điều chỉnh nhiệt độ và các tính năng khác trên điều hòa để đáp ứng các nhu cầu của họ và tạo ra một không gian nghỉ ngơi lý tưởng.'),
(15, 'IMG_41622.svg', 'Tivi', 'TV cung cấp cho khách hàng nhiều kênh truyền hình đa dạng và phong phú, bao gồm cả các kênh quốc tế và địa phương, các kênh phim, chương trình giải trí, tin tức, thể thao và giáo dục'),
(17, 'IMG_47816.svg', 'Spa', 'Tại spa, khách hàng có thể trải nghiệm các liệu pháp chăm sóc da, tắm thủy lực, massage và nhiều dịch vụ khác.'),
(18, 'IMG_96423.svg', 'Máy Sưởi', 'Máy sưởi phòng được thiết kế để giữ cho phòng ấm áp và thoải mái trong suốt mùa đông.'),
(19, 'IMG_27079.svg', 'Nóng Lạnh', 'Được trang bị các tính năng và thiết bị hiện đại như màn hình LCD hiển thị nhiệt độ, điều khiển từ xa, cảm biến nhiệt độ và chức năng tự động điều chỉnh nhiệt độ nước.'),
(22, 'IMG_91057.svg', 'Tủ lạnh', 'Tủ lạnh trong homestay nhỏ gọn và tiện lợi, giúp bảo quản thực phẩm và đồ uống cho khách. Với ngăn lạnh và ngăn đông, tủ giữ thực phẩm tươi ngon, đồng thời mang đến sự thoải mái và tiện nghi cho không gian sống. Nhiều tủ còn có minibar, phục vụ nhu c');

-- --------------------------------------------------------

--
-- Table structure for table `features`
--

CREATE TABLE `features` (
  `id` int(11) NOT NULL,
  `name` varchar(50) NOT NULL
) ENGINE=InnoDB DEFAULT CHARSET=utf8mb4 COLLATE=utf8mb4_general_ci;

--
-- Dumping data for table `features`
--

INSERT INTO `features` (`id`, `name`) VALUES
(18, 'Phòng Ngủ'),
(19, 'Ban Công'),
(20, 'Phòng Bếp'),
(21, 'Ghế sofa'),
(22, 'Phòng tắm');

-- --------------------------------------------------------

--
-- Table structure for table `page_clicks`
--

CREATE TABLE `page_clicks` (
  `id` int(11) NOT NULL,
  `clicks` int(11) DEFAULT 0
) ENGINE=InnoDB DEFAULT CHARSET=utf8mb4 COLLATE=utf8mb4_general_ci;

--
-- Dumping data for table `page_clicks`
--

INSERT INTO `page_clicks` (`id`, `clicks`) VALUES
(1, 8);

-- --------------------------------------------------------

--
-- Table structure for table `rating_review`
--

CREATE TABLE `rating_review` (
  `sr_no` int(11) NOT NULL,
  `booking_id` int(11) NOT NULL,
  `room_id` int(11) NOT NULL,
  `user_id` int(11) NOT NULL,
  `rating` int(11) NOT NULL,
  `review` varchar(200) NOT NULL,
  `seen` int(11) NOT NULL DEFAULT 0,
  `datentime` datetime NOT NULL DEFAULT current_timestamp()
) ENGINE=InnoDB DEFAULT CHARSET=utf8mb4 COLLATE=utf8mb4_general_ci;

-- --------------------------------------------------------

--
-- Table structure for table `rooms`
--

CREATE TABLE `rooms` (
  `id` int(11) NOT NULL,
  `name` varchar(150) NOT NULL,
  `area` int(11) NOT NULL,
  `price` int(11) NOT NULL,
  `quantity` int(11) NOT NULL,
  `adult` int(11) NOT NULL,
  `children` int(11) NOT NULL,
  `description` varchar(350) NOT NULL,
  `status` tinyint(4) NOT NULL DEFAULT 1,
  `removed` int(11) NOT NULL DEFAULT 0
) ENGINE=InnoDB DEFAULT CHARSET=utf8mb4 COLLATE=utf8mb4_general_ci;

--
-- Dumping data for table `rooms`
--

INSERT INTO `rooms` (`id`, `name`, `area`, `price`, `quantity`, `adult`, `children`, `description`, `status`, `removed`) VALUES
(3, 'Phòng Bình Dân', 30, 800000, 4, 5, 3, 'Các tiện nghi trong phòng bao gồm các ghế sofa và bàn, tivi màn hình phẳng, minibar, két sắt, điều hòa, máy sưởi, hệ thống chiếu sáng, tủ quần áo và giường ngủ thoải mái.', 1, 0),
(4, 'Phòng VIP 1', 40, 1000000, 3, 5, 5, 'Các tiện nghi trong phòng bao gồm các ghế sofa và bàn, tivi màn hình phẳng, minibar, két sắt, điều hòa, máy sưởi, hệ thống chiếu sáng, tủ quần áo và giường ngủ thoải mái.', 1, 0),
(5, 'Phòng Vip 2', 40, 1200000, 3, 8, 6, 'Các tiện nghi trong phòng bao gồm các ghế sofa và bàn, tivi màn hình phẳng, minibar, két sắt, điều hòa, máy sưởi, hệ thống chiếu sáng, tủ quần áo và giường ngủ thoải mái.', 1, 0),
(6, 'Phòng Vip 3', 50, 1500000, 7, 9, 10, 'Các tiện nghi trong phòng bao gồm các ghế sofa và bàn, tivi màn hình phẳng, minibar, két sắt, điều hòa, máy sưởi, hệ thống chiếu sáng, tủ quần áo và giường ngủ thoải mái.', 1, 0),
(7, 'Phòng Đơn', 20, 800000, 2, 2, 2, 'Các tiện nghi trong phòng bao gồm các ghế sofa và bàn, tivi màn hình phẳng, minibar, két sắt, điều hòa, máy sưởi, hệ thống chiếu sáng, tủ quần áo và giường ngủ thoải mái.', 1, 1),
(8, 'Phòng Đơn', 20, 500000, 2, 2, 2, 'Các tiện nghi trong phòng bao gồm các ghế sofa và bàn, tivi màn hình phẳng, minibar, két sắt, điều hòa, máy sưởi, hệ thống chiếu sáng, tủ quần áo và giường ngủ thoải mái.', 1, 0);

-- --------------------------------------------------------

--
-- Table structure for table `room_facilities`
--

CREATE TABLE `room_facilities` (
  `sr_no` int(11) NOT NULL,
  `room_id` int(11) NOT NULL,
  `facilities_id` int(11) NOT NULL
) ENGINE=InnoDB DEFAULT CHARSET=utf8mb4 COLLATE=utf8mb4_general_ci;

--
-- Dumping data for table `room_facilities`
--

INSERT INTO `room_facilities` (`sr_no`, `room_id`, `facilities_id`) VALUES
(52, 4, 13),
(53, 4, 14),
(54, 4, 19),
(65, 3, 13),
(66, 3, 14),
(67, 3, 15),
(68, 5, 13),
(69, 5, 14),
(70, 5, 19),
(71, 6, 13),
(72, 6, 14),
(73, 6, 15),
(74, 6, 18),
(75, 6, 19),
(77, 8, 13);

-- --------------------------------------------------------

--
-- Table structure for table `room_features`
--

CREATE TABLE `room_features` (
  `sr_no` int(11) NOT NULL,
  `room_id` int(11) NOT NULL,
  `features_id` int(11) NOT NULL
) ENGINE=InnoDB DEFAULT CHARSET=utf8mb4 COLLATE=utf8mb4_general_ci;

--
-- Dumping data for table `room_features`
--

INSERT INTO `room_features` (`sr_no`, `room_id`, `features_id`) VALUES
(36, 4, 18),
(37, 4, 19),
(38, 4, 20),
(46, 3, 18),
(47, 3, 20),
(48, 5, 18),
(49, 5, 19),
(50, 5, 21),
(51, 6, 18),
(52, 6, 19),
(53, 6, 20),
(54, 6, 21),
(56, 8, 18);

-- --------------------------------------------------------

--
-- Table structure for table `room_images`
--

CREATE TABLE `room_images` (
  `sr_no` int(11) NOT NULL,
  `room_id` int(11) NOT NULL,
  `image` varchar(150) NOT NULL,
  `thumb` tinyint(4) NOT NULL DEFAULT 0
) ENGINE=InnoDB DEFAULT CHARSET=utf8mb4 COLLATE=utf8mb4_general_ci;

--
-- Dumping data for table `room_images`
--

INSERT INTO `room_images` (`sr_no`, `room_id`, `image`, `thumb`) VALUES
(43, 6, 'IMG_28697.webp', 0),
(44, 6, 'IMG_37204.webp', 1),
(46, 5, 'IMG_59700.webp', 1),
(47, 5, 'IMG_62236.webp', 0),
(48, 4, 'IMG_88248.jpg', 1),
(49, 4, 'IMG_51168.webp', 0),
(50, 3, 'IMG_40381.webp', 1),
(51, 3, 'IMG_60205.webp', 0),
(52, 4, 'IMG_34082.webp', 0),
(53, 5, 'IMG_36673.webp', 0),
(54, 8, 'IMG_12565.webp', 1),
(55, 8, 'IMG_49467.webp', 0),
(56, 6, 'IMG_80860.jpg', 0);

-- --------------------------------------------------------

--
-- Table structure for table `settings`
--

CREATE TABLE `settings` (
  `sr_no` int(11) NOT NULL,
  `site_title` varchar(50) NOT NULL,
  `site_about` varchar(250) NOT NULL,
  `shutdown` tinyint(1) NOT NULL
) ENGINE=InnoDB DEFAULT CHARSET=utf8mb4 COLLATE=utf8mb4_general_ci;

--
-- Dumping data for table `settings`
--

INSERT INTO `settings` (`sr_no`, `site_title`, `site_about`, `shutdown`) VALUES
(1, 'Hotel', 'Hotel là một cơ sở lưu trú hiện đại, chuyên cung cấp các dịch vụ nghỉ dưỡng, hội nghị và ẩm thực cho khách hàng cá nhân và doanh nghiệp. Với hệ thống phòng tiện nghi, đội ngũ nhân viên chuyên nghiệp và quy trình phục vụ chuẩn mực, khách sạn luôn đặt ', 0);

-- --------------------------------------------------------

--
-- Table structure for table `team_details`
--

CREATE TABLE `team_details` (
  `sr_no` int(11) NOT NULL,
  `name` varchar(50) NOT NULL,
  `picture` varchar(150) NOT NULL
) ENGINE=InnoDB DEFAULT CHARSET=utf8mb4 COLLATE=utf8mb4_general_ci;

-- --------------------------------------------------------

--
-- Table structure for table `user_cred`
--

CREATE TABLE `user_cred` (
  `id` int(11) NOT NULL,
  `name` varchar(100) NOT NULL,
  `email` varchar(150) NOT NULL,
  `address` varchar(120) NOT NULL,
  `phonenum` varchar(100) NOT NULL,
  `pincode` int(11) NOT NULL,
  `dob` date NOT NULL,
  `profile` varchar(100) NOT NULL,
  `password` varchar(200) NOT NULL,
  `is_verified` int(11) NOT NULL DEFAULT 0,
  `token` varchar(200) DEFAULT NULL,
  `t_expire` date DEFAULT NULL,
  `status` int(11) NOT NULL DEFAULT 1,
  `datentime` datetime NOT NULL DEFAULT current_timestamp()
) ENGINE=InnoDB DEFAULT CHARSET=utf8mb4 COLLATE=utf8mb4_general_ci;

--
-- Dumping data for table `user_cred`
--

INSERT INTO `user_cred` (`id`, `name`, `email`, `address`, `phonenum`, `pincode`, `dob`, `profile`, `password`, `is_verified`, `token`, `t_expire`, `status`, `datentime`) VALUES
(9, 'Nguyen Van A', 'nguyenvana@gmail.com', 'A', '0123456789', 100, '2003-01-01', 'IMG_33437.png', '$2y$10$AqqaSmXMqewjuv7ANwU8oe1jvMwDqlfi1GIixVQnrF4SqjOcbjXz6', 1, NULL, NULL, 1, '2025-02-28 14:32:35'),
(22, 'Nguyễn Văn B', 'abc@gmaiil.com', 'ABC', '0987654321', 101, '2025-06-12', 'IMG_22778.png', '$2y$10$U.xMMVot6LNT8lWzPSWN..A9WZSaz5AiOmM2lDi9HW621P/5UjIua', 1, NULL, NULL, 1, '2025-06-12 19:13:33');

-- --------------------------------------------------------

--
-- Table structure for table `user_queries`
--

CREATE TABLE `user_queries` (
  `sr_no` int(11) NOT NULL,
  `name` varchar(50) NOT NULL,
  `email` varchar(150) NOT NULL,
  `subject` varchar(200) NOT NULL,
  `message` varchar(500) NOT NULL,
  `datentime` datetime NOT NULL DEFAULT current_timestamp(),
  `seen` tinyint(4) NOT NULL DEFAULT 0
) ENGINE=InnoDB DEFAULT CHARSET=utf8mb4 COLLATE=utf8mb4_general_ci;

--
-- Indexes for dumped tables
--

--
-- Indexes for table `admin_cred`
--
ALTER TABLE `admin_cred`
  ADD PRIMARY KEY (`sr_no`);

--
-- Indexes for table `booking_details`
--
ALTER TABLE `booking_details`
  ADD PRIMARY KEY (`sr_no`),
  ADD KEY `booking_id` (`booking_id`);

--
-- Indexes for table `booking_order`
--
ALTER TABLE `booking_order`
  ADD PRIMARY KEY (`booking_id`),
  ADD KEY `user_id` (`user_id`),
  ADD KEY `room_id` (`room_id`);

--
-- Indexes for table `carousel`
--
ALTER TABLE `carousel`
  ADD PRIMARY KEY (`sr_no`);

--
-- Indexes for table `contact_details`
--
ALTER TABLE `contact_details`
  ADD PRIMARY KEY (`sr_no`);

--
-- Indexes for table `facilities`
--
ALTER TABLE `facilities`
  ADD PRIMARY KEY (`id`);

--
-- Indexes for table `features`
--
ALTER TABLE `features`
  ADD PRIMARY KEY (`id`);

--
-- Indexes for table `page_clicks`
--
ALTER TABLE `page_clicks`
  ADD PRIMARY KEY (`id`);

--
-- Indexes for table `rating_review`
--
ALTER TABLE `rating_review`
  ADD PRIMARY KEY (`sr_no`),
  ADD KEY `booking_id` (`booking_id`),
  ADD KEY `room_id` (`room_id`),
  ADD KEY `user_id` (`user_id`);

--
-- Indexes for table `rooms`
--
ALTER TABLE `rooms`
  ADD PRIMARY KEY (`id`);

--
-- Indexes for table `room_facilities`
--
ALTER TABLE `room_facilities`
  ADD PRIMARY KEY (`sr_no`),
  ADD KEY `facilities id` (`facilities_id`),
  ADD KEY `room id` (`room_id`);

--
-- Indexes for table `room_features`
--
ALTER TABLE `room_features`
  ADD PRIMARY KEY (`sr_no`),
  ADD KEY `features id` (`features_id`),
  ADD KEY `rm id` (`room_id`);

--
-- Indexes for table `room_images`
--
ALTER TABLE `room_images`
  ADD PRIMARY KEY (`sr_no`),
  ADD KEY `room_id` (`room_id`);

--
-- Indexes for table `settings`
--
ALTER TABLE `settings`
  ADD PRIMARY KEY (`sr_no`);

--
-- Indexes for table `team_details`
--
ALTER TABLE `team_details`
  ADD PRIMARY KEY (`sr_no`);

--
-- Indexes for table `user_cred`
--
ALTER TABLE `user_cred`
  ADD PRIMARY KEY (`id`);

--
-- Indexes for table `user_queries`
--
ALTER TABLE `user_queries`
  ADD PRIMARY KEY (`sr_no`);

--
-- AUTO_INCREMENT for dumped tables
--

--
-- AUTO_INCREMENT for table `admin_cred`
--
ALTER TABLE `admin_cred`
  MODIFY `sr_no` int(11) NOT NULL AUTO_INCREMENT, AUTO_INCREMENT=5;

--
-- AUTO_INCREMENT for table `booking_details`
--
ALTER TABLE `booking_details`
  MODIFY `sr_no` int(11) NOT NULL AUTO_INCREMENT, AUTO_INCREMENT=131;

--
-- AUTO_INCREMENT for table `booking_order`
--
ALTER TABLE `booking_order`
  MODIFY `booking_id` int(11) NOT NULL AUTO_INCREMENT, AUTO_INCREMENT=132;

--
-- AUTO_INCREMENT for table `carousel`
--
ALTER TABLE `carousel`
  MODIFY `sr_no` int(11) NOT NULL AUTO_INCREMENT, AUTO_INCREMENT=23;

--
-- AUTO_INCREMENT for table `contact_details`
--
ALTER TABLE `contact_details`
  MODIFY `sr_no` int(11) NOT NULL AUTO_INCREMENT, AUTO_INCREMENT=2;

--
-- AUTO_INCREMENT for table `facilities`
--
ALTER TABLE `facilities`
  MODIFY `id` int(11) NOT NULL AUTO_INCREMENT, AUTO_INCREMENT=23;

--
-- AUTO_INCREMENT for table `features`
--
ALTER TABLE `features`
  MODIFY `id` int(11) NOT NULL AUTO_INCREMENT, AUTO_INCREMENT=23;

--
-- AUTO_INCREMENT for table `page_clicks`
--
ALTER TABLE `page_clicks`
  MODIFY `id` int(11) NOT NULL AUTO_INCREMENT, AUTO_INCREMENT=2;

--
-- AUTO_INCREMENT for table `rating_review`
--
ALTER TABLE `rating_review`
  MODIFY `sr_no` int(11) NOT NULL AUTO_INCREMENT, AUTO_INCREMENT=19;

--
-- AUTO_INCREMENT for table `rooms`
--
ALTER TABLE `rooms`
  MODIFY `id` int(11) NOT NULL AUTO_INCREMENT, AUTO_INCREMENT=9;

--
-- AUTO_INCREMENT for table `room_facilities`
--
ALTER TABLE `room_facilities`
  MODIFY `sr_no` int(11) NOT NULL AUTO_INCREMENT, AUTO_INCREMENT=78;

--
-- AUTO_INCREMENT for table `room_features`
--
ALTER TABLE `room_features`
  MODIFY `sr_no` int(11) NOT NULL AUTO_INCREMENT, AUTO_INCREMENT=57;

--
-- AUTO_INCREMENT for table `room_images`
--
ALTER TABLE `room_images`
  MODIFY `sr_no` int(11) NOT NULL AUTO_INCREMENT, AUTO_INCREMENT=57;

--
-- AUTO_INCREMENT for table `settings`
--
ALTER TABLE `settings`
  MODIFY `sr_no` int(11) NOT NULL AUTO_INCREMENT, AUTO_INCREMENT=2;

--
-- AUTO_INCREMENT for table `team_details`
--
ALTER TABLE `team_details`
  MODIFY `sr_no` int(11) NOT NULL AUTO_INCREMENT, AUTO_INCREMENT=16;

--
-- AUTO_INCREMENT for table `user_cred`
--
ALTER TABLE `user_cred`
  MODIFY `id` int(11) NOT NULL AUTO_INCREMENT, AUTO_INCREMENT=23;

--
-- AUTO_INCREMENT for table `user_queries`
--
ALTER TABLE `user_queries`
  MODIFY `sr_no` int(11) NOT NULL AUTO_INCREMENT, AUTO_INCREMENT=21;

--
-- Constraints for dumped tables
--

--
-- Constraints for table `booking_details`
--
ALTER TABLE `booking_details`
  ADD CONSTRAINT `booking_details_ibfk_1` FOREIGN KEY (`booking_id`) REFERENCES `booking_order` (`booking_id`);

--
-- Constraints for table `booking_order`
--
ALTER TABLE `booking_order`
  ADD CONSTRAINT `booking_order_ibfk_1` FOREIGN KEY (`user_id`) REFERENCES `user_cred` (`id`),
  ADD CONSTRAINT `booking_order_ibfk_2` FOREIGN KEY (`room_id`) REFERENCES `rooms` (`id`);

--
-- Constraints for table `rating_review`
--
ALTER TABLE `rating_review`
  ADD CONSTRAINT `rating_review_ibfk_1` FOREIGN KEY (`booking_id`) REFERENCES `booking_order` (`booking_id`),
  ADD CONSTRAINT `rating_review_ibfk_2` FOREIGN KEY (`room_id`) REFERENCES `rooms` (`id`),
  ADD CONSTRAINT `rating_review_ibfk_3` FOREIGN KEY (`user_id`) REFERENCES `user_cred` (`id`);

--
-- Constraints for table `room_facilities`
--
ALTER TABLE `room_facilities`
  ADD CONSTRAINT `facilities id` FOREIGN KEY (`facilities_id`) REFERENCES `facilities` (`id`) ON UPDATE NO ACTION,
  ADD CONSTRAINT `room id` FOREIGN KEY (`room_id`) REFERENCES `rooms` (`id`) ON UPDATE NO ACTION;

--
-- Constraints for table `room_features`
--
ALTER TABLE `room_features`
  ADD CONSTRAINT `features id` FOREIGN KEY (`features_id`) REFERENCES `features` (`id`) ON UPDATE NO ACTION,
  ADD CONSTRAINT `rm id` FOREIGN KEY (`room_id`) REFERENCES `rooms` (`id`) ON UPDATE NO ACTION;

--
-- Constraints for table `room_images`
--
ALTER TABLE `room_images`
  ADD CONSTRAINT `room_images_ibfk_1` FOREIGN KEY (`room_id`) REFERENCES `rooms` (`id`);
COMMIT;

/*!40101 SET CHARACTER_SET_CLIENT=@OLD_CHARACTER_SET_CLIENT */;
/*!40101 SET CHARACTER_SET_RESULTS=@OLD_CHARACTER_SET_RESULTS */;
/*!40101 SET COLLATION_CONNECTION=@OLD_COLLATION_CONNECTION */;
